name,lang,id,n,size(B),cpu(s),mem(KB),status,load,elapsed(s)
binarytrees,php,3,20,483,174.932,1550168,0,98% 4% 1% 0%,175.088
binarytrees,csharpcore,2,20,650,41.268,1230592,0,15% 16% 50% 33%,37.027
binarytrees,hack,2,20,468,98.968,765988,0,1% 100% 0% 1%,99.062
binarytrees,scala,4,20,494,18.840,520808,0,46% 35% 36% 25%,13.526
binarytrees,yarv,4,20,402,155.456,243484,0,0% 30% 70% 0%,155.616
binarytrees,chapel,1,20,554,64.404,264492,0,100% 83% 80% 64%,19.832
binarytrees,java,6,20,583,18.688,515676,0,72% 19% 30% 21%,13.412
binarytrees,scala,2,20,641,36.288,686532,0,85% 87% 72% 73%,11.520
binarytrees,yarv,2,20,413,206.504,432132,0,18% 61% 1% 22%,206.693
binarytrees,perl,3,20,706,716.324,1385276,0,97% 72% 96% 72%,213.118
binarytrees,fsharpcore,1,20,537,18.172,680880,0,46% 43% 18% 7%,16.288
binarytrees,csharpcore,1,20,652,41.808,1764516,0,33% 22% 44% 29%,33.443
binarytrees,hipe,2,20,499,64.900,968816,0,71% 77% 82% 92%,20.316
binarytrees,csharpcore,4,20,955,49.884,802188,0,88% 89% 89% 87%,14.245
binarytrees,gpp,3,20,993,26.364,362676,0,88% 97% 71% 87%,7.744
binarytrees,typescript,1,20,475,57.528,973616,0,1% 57% 44% 2%,56.261
binarytrees,sbcl,1,20,612,26.776,323784,0,12% 1% 1% 88%,26.823
binarytrees,fpascal,1,20,769,38.092,131376,0,1% 0% 100% 1%,38.123
binarytrees,csharpllvm,2,20,650,57.796,454164,0,100% 0% 8% 2%,54.116
binarytrees,erlang,1,20,441,89.220,907220,0,52% 1% 1% 49%,89.297
binarytrees,python3,1,20,596,516.240,804624,0,94% 92% 95% 91%,152.062
binarytrees,ghc,1,20,521,54.576,360468,0,33% 96% 35% 33%,28.019
binarytrees,sbcl,3,20,684,0.000,0,-10,0% 0% 0% 100%,0.012
binarytrees,gcc,1,20,706,38.332,132440,0,100% 1% 1% 0%,38.365
binarytrees,node,1,20,477,56.708,973180,0,2% 0% 100% 2%,55.497
binarytrees,csharpcore,3,20,725,64.812,2920800,0,82% 81% 79% 78%,20.444
binarytrees,fsharpcore,3,20,565,48.392,685008,0,24% 52% 20% 22%,41.394
binarytrees,dart,1,20,503,53.720,598548,0,66% 33% 23% 17%,39.133
binarytrees,php,2,20,472,230.456,440540,0,1% 100% 0% 1%,230.675
binarytrees,fsharp,2,20,515,68.032,278484,0,9% 0% 100% 1%,63.210
binarytrees,scala,5,20,688,393.240,482360,0,72% 71% 70% 72%,140.657
binarytrees,hack,3,20,480,35.508,635032,0,63% 1% 1% 37%,35.553
binarytrees,vw,1,20,722,81.200,331144,0,1% 1% 0% 100%,81.302
binarytrees,lua,2,20,446,421.544,1724000,0,42% 21% 4% 34%,422.031
binarytrees,erlang,2,20,499,112.324,821676,0,93% 93% 93% 99%,29.825
binarytrees,gpp,2,20,553,39.084,199680,0,2% 0% 100% 1%,39.123
binarytrees,go,4,20,688,152.124,361208,0,96% 95% 96% 96%,39.880
binarytrees,jruby,3,20,439,204.636,1444868,0,19% 25% 68% 26%,149.357
binarytrees,go,9,20,548,122.540,295608,0,38% 41% 41% 41%,77.658
binarytrees,go,7,20,567,129.824,286480,0,42% 46% 39% 38%,80.253
binarytrees,ifc,1,20,826,68.136,134076,0,1% 100% 0% 0%,68.174
binarytrees,jruby,5,20,1123,663.804,2295976,0,97% 96% 96% 95%,173.685
binarytrees,clojure,1,20,657,28.164,616160,0,33% 45% 37% 49%,18.485
binarytrees,ghc,4,20,612,65.436,817104,0,72% 92% 80% 72%,20.834
binarytrees,gpp,1,20,796,51.972,2941392,0,99% 97% 97% 97%,13.440
binarytrees,perl,1,20,448,523.252,351036,0,47% 1% 10% 44%,523.551
binarytrees,ocaml,2,20,784,76.996,173372,0,89% 95% 54% 64%,25.817
binarytrees,gnat,5,20,2167,17.400,160616,0,90% 77% 91% 73%,5.333
binarytrees,jruby,1,20,412,489.312,2303556,0,42% 61% 67% 47%,227.792
binarytrees,hack,1,20,506,111.700,766076,0,100% 1% 1% 0%,111.796
binarytrees,yarv,5,20,1123,168.332,243912,0,96% 65% 68% 64%,57.975
binarytrees,yarv,3,20,439,207.532,575052,0,48% 5% 40% 10%,207.755
binarytrees,swift,5,20,936,0.000,0,-11,%,0.000
binarytrees,sbcl,2,20,649,22.548,322012,0,1% 0% 100% 1%,22.589
binarytrees,java,7,20,889,40.096,622328,0,86% 86% 92% 87%,11.510
binarytrees,java,2,20,603,18.688,516836,0,40% 25% 26% 52%,13.340
binarytrees,gcc,3,20,906,10.124,156780,0,91% 77% 59% 83%,3.281
binarytrees,swift,4,20,701,0.000,0,-11,%,0.000
binarytrees,yarv,1,20,412,200.648,432092,0,59% 0% 0% 42%,200.833
binarytrees,csharpllvm,4,20,955,210.452,313192,0,63% 64% 61% 61%,86.582
binarytrees,fsharp,3,20,565,51.088,256192,0,0% 9% 1% 100%,47.512
binarytrees,racket,2,20,640,37.040,420556,0,1% 1% 1% 100%,37.098
binarytrees,typescript,2,20,470,57.232,973680,0,56% 26% 1% 20%,56.037
binarytrees,rust,1,20,792,28.324,219308,0,95% 95% 84% 97%,7.657
binarytrees,fsharpcore,2,20,515,41.920,682888,0,43% 19% 44% 8%,37.337
binarytrees,hipe,1,20,441,38.976,1043472,0,1% 97% 0% 4%,38.988
binarytrees,csharpllvm,3,20,725,971.288,1259240,0,89% 87% 86% 86%,282.028
binarytrees,java,4,20,911,23.236,589976,0,24% 77% 22% 37%,14.567
binarytrees,ifc,2,20,1199,19.180,185084,0,100% 70% 76% 72%,6.076
binarytrees,racket,1,20,495,45.488,478324,0,1% 0% 0% 100%,45.558
binarytrees,java,3,20,584,18.992,517024,0,19% 37% 28% 60%,13.356
binarytrees,fsharp,1,20,537,25.416,160992,0,9% 100% 1% 1%,23.502
binarytrees,go,1,20,516,123.968,281036,0,36% 44% 43% 36%,78.521
binarytrees,clojure,2,20,750,45.652,615132,0,85% 83% 88% 76%,13.807
binarytrees,swift,6,20,490,61.064,104460,0,1% 100% 0% 0%,61.104
binarytrees,go,2,20,694,153.612,369124,0,97% 95% 96% 96%,40.087
binarytrees,gnat,4,20,2167,17.320,160604,0,88% 71% 91% 75%,5.400
binarytrees,gnat,3,20,1342,99.596,658776,0,90% 86% 87% 87%,28.577
binarytrees,gcc,5,20,963,79.616,221620,0,88% 97% 97% 97%,21.136
binarytrees,gpp,7,20,846,6.968,150512,0,100% 0% 0% 1%,6.981
binarytrees,go,5,20,1000,157.636,384112,0,96% 96% 96% 96%,41.347
binarytrees,gnat,1,20,955,39.700,199920,0,1% 0% 1% 100%,39.737
binarytrees,clojure,6,20,705,32.280,609624,0,43% 49% 29% 43%,19.888
binarytrees,php,1,20,504,237.896,440464,0,0% 1% 1% 100%,238.109
binarytrees,ocaml,5,20,496,41.488,263260,0,1% 100% 1% 1%,41.554
binarytrees,swift,7,20,619,105.772,162008,0,62% 97% 69% 98%,32.590
binarytrees,jruby,4,20,402,264.768,2049520,0,32% 55% 42% 33%,168.126
binarytrees,gpp,6,20,892,12.840,298088,0,1% 100% 1% 1%,12.861
binarytrees,csharpllvm,1,20,652,59.976,273112,0,77% 1% 29% 7%,55.043
chameneosredux,chapel,1,6000000,1199,19.020,44480,0,100% 100% 100% 100%,4.785
chameneosredux,gcc,5,6000000,2863,2.256,780,0,100% 97% 97% 98%,0.585
chameneosredux,erlang,1,6000000,734,131.188,28668,0,62% 60% 51% 53%,58.902
chameneosredux,go,1,6000000,1167,16.748,960,0,82% 100% 100% 100%,4.712
chameneosredux,ghc,4,6000000,989,11.060,7564,0,100% 100% 2% 1%,5.507
chameneosredux,rust,2,6000000,2882,7.684,57152,0,98% 98% 97% 98%,1.974
chameneosredux,ocaml,1,6000000,1279,252.948,6376,0,41% 35% 35% 41%,156.968
chameneosredux,scala,2,6000000,1171,20.400,165520,0,59% 55% 60% 64%,8.607
chameneosredux,java,2,6000000,1429,36.884,51336,0,78% 83% 74% 70%,12.304
chameneosredux,jruby,1,6000000,928,89.104,606188,0,58% 64% 48% 59%,39.326
chameneosredux,gpp,1,6000000,2449,0.000,0,-11,%,0.000
chameneosredux,sbcl,3,6000000,2907,3.928,51216,0,84% 97% 99% 82%,1.111
chameneosredux,hipe,1,6000000,734,131.580,25784,0,60% 56% 56% 54%,59.389
chameneosredux,go,2,6000000,1408,4.124,960,0,99% 99% 100% 100%,1.043
chameneosredux,gnat,2,6000000,6001,0.000,0,-11,%,0.000
chameneosredux,ghc,1,6000000,989,8.508,6840,0,78% 100% 1% 2%,4.756
chameneosredux,csharpcore,1,6000000,1400,22.900,85632,0,98% 63% 93% 97%,6.554
chameneosredux,go,5,6000000,957,34.060,1376,0,82% 79% 78% 81%,10.703
chameneosredux,csharpllvm,1,6000000,1400,47.508,49880,0,74% 64% 72% 67%,17.384
chameneosredux,java,3,6000000,1267,26.316,106532,0,98% 88% 74% 77%,7.844
chameneosredux,gcc,2,6000000,1663,36.968,876,0,93% 79% 76% 83%,11.417
chameneosredux,gpp,5,6000000,1994,12.624,3292,0,100% 100% 94% 94%,3.262
chameneosredux,racket,2,6000000,842,186.964,108764,0,1% 11% 1% 89%,187.020
chameneosredux,gnat,5,6000000,2906,36.120,4176,0,78% 78% 77% 80%,11.596
chameneosredux,rust,1,6000000,1450,204.572,36748,0,75% 45% 44% 47%,97.056
chameneosredux,python3,2,6000000,866,484.528,8284,0,41% 38% 38% 39%,296.781
chameneosredux,clojure,1,6000000,1331,123.828,414020,0,29% 26% 26% 28%,112.148
chameneosredux,vw,2,6000000,2515,48.068,54736,0,1% 0% 100% 1%,48.125
chameneosredux,gpp,2,6000000,2016,11.548,1860,0,100% 100% 100% 52%,3.292
chameneosredux,java,4,6000000,1607,16.436,38356,0,97% 55% 97% 98%,4.758
chameneosredux,perl,4,6000000,785,459.176,14084,0,40% 40% 29% 28%,324.754
chameneosredux,ocaml,3,6000000,1146,1007.648,7112,0,36% 37% 35% 36%,684.312
chameneosredux,racket,1,6000000,791,322.268,109848,0,1% 6% 86% 9%,322.353
chameneosredux,yarv,1,6000000,920,176.432,9600,0,30% 41% 40% 30%,113.313
chameneosredux,scala,1,6000000,1271,0.000,0,-2,88% 11% 11% 5%,0.187
chameneosredux,java,1,6000000,1770,4.888,43152,0,28% 39% 27% 29%,4.009
fannkuchredux,node,4,12,473,76.140,25184,0,0% 0% 1% 100%,76.161
fannkuchredux,ocaml,2,12,473,85.676,2096,0,1% 0% 100% 1%,85.696
fannkuchredux,ocaml,4,12,1004,0.004,17008,0,100% 100% 100% 100%,16.562
fannkuchredux,ghc,1,12,553,656.764,9372,0,22% 48% 39% 26%,491.313
fannkuchredux,fsharp,3,12,945,83.340,52828,0,95% 92% 93% 96%,22.270
fannkuchredux,perl,3,12,427,1699.416,3504,0,1% 1% 100% 1%,1699.869
fannkuchredux,gcc,1,12,508,78.856,816,0,0% 1% 1% 100%,78.876
fannkuchredux,php,2,12,441,1196.532,7788,0,100% 1% 1% 0%,1196.808
fannkuchredux,erlang,1,12,1038,684.392,35840,0,99% 100% 96% 98%,174.585
fannkuchredux,swift,3,12,1102,44.656,8936,0,100% 100% 98% 98%,11.272
fannkuchredux,perl,2,12,565,2063.840,12832,0,98% 97% 100% 98%,525.836
fannkuchredux,fsharp,1,12,551,154.964,46336,0,87% 1% 1% 14%,155.202
fannkuchredux,python3,6,12,385,2756.620,8068,0,68% 0% 0% 33%,2757.378
fannkuchredux,ghc,6,12,1110,74.840,7688,0,96% 100% 98% 100%,19.078
fannkuchredux,swift,1,12,451,58.096,4340,0,1% 0% 100% 1%,58.113
fannkuchredux,typescript,1,12,445,390.116,25304,0,0% 1% 1% 100%,390.205
fannkuchredux,csharpcore,2,12,564,53.792,35896,0,1% 100% 0% 1%,53.809
fannkuchredux,chapel,1,12,728,82.884,34116,0,100% 100% 100% 100%,20.761
fannkuchredux,java,2,12,514,70.436,28204,0,6% 60% 34% 1%,70.408
fannkuchredux,rust,2,12,1191,51.284,20292,0,95% 98% 100% 99%,13.116
fannkuchredux,csharpcore,4,12,1172,75.336,37724,0,99% 99% 100% 99%,18.971
fannkuchredux,gpp,4,12,1439,51.412,1944,0,93% 100% 98% 100%,13.167
fannkuchredux,csharpllvm,1,12,520,71.052,36764,0,100% 1% 0% 1%,71.071
fannkuchredux,csharpllvm,4,12,1172,80.860,41388,0,98% 98% 98% 98%,20.648
fannkuchredux,ocaml,3,12,1017,0.004,27476,0,100% 100% 100% 100%,16.132
fannkuchredux,jruby,2,12,1426,1322.388,705472,0,86% 99% 90% 92%,360.797
fannkuchredux,python3,4,12,944,2220.712,55368,0,98% 96% 100% 99%,567.351
fannkuchredux,hack,2,12,440,1204.676,112396,0,16% 0% 84% 1%,1205.069
fannkuchredux,racket,3,12,1096,305.872,18464,0,97% 100% 98% 100%,77.551
fannkuchredux,dart,2,12,495,93.720,37544,0,1% 1% 1% 100%,93.143
fannkuchredux,scala,1,12,459,92.244,47188,0,1% 100% 1% 1%,92.206
fannkuchredux,hack,3,12,1150,2412.624,112380,0,99% 99% 99% 99%,609.699
fannkuchredux,java,3,12,1257,70.032,29800,0,1% 0% 100% 2%,69.996
fannkuchredux,gpp,1,12,1059,57.456,1852,0,94% 99% 98% 100%,14.690
fannkuchredux,racket,1,12,649,297.728,18020,0,1% 93% 4% 4%,297.694
fannkuchredux,clojure,2,12,1088,184.384,71156,0,75% 77% 76% 74%,60.881
fannkuchredux,gpp,5,12,1440,52.308,2052,0,99% 94% 100% 98%,13.367
fannkuchredux,sbcl,5,12,674,54.852,49960,0,1% 0% 100% 1%,54.872
fannkuchredux,fsharp,2,12,548,97.356,45580,0,1% 0% 100% 1%,97.379
fannkuchredux,php,3,12,1150,1280.132,29140,0,100% 100% 99% 100%,321.580
fannkuchredux,gcc,5,12,910,35.432,1576,0,100% 99% 98% 94%,9.066
fannkuchredux,ghc,5,12,834,86.848,9888,0,100% 97% 99% 100%,21.985
fannkuchredux,csharpcore,1,12,520,78.172,39988,0,0% 0% 100% 0%,78.191
fannkuchredux,yarv,2,12,1426,3065.012,37668,0,100% 99% 99% 91%,788.854
fannkuchredux,fsharpcore,3,12,945,96.568,45636,0,80% 81% 99% 97%,27.045
fannkuchredux,yarv,1,12,384,2185.832,11136,0,1% 4% 14% 83%,2186.407
fannkuchredux,scala,2,12,1017,59.624,36820,0,99% 98% 98% 97%,15.230
fannkuchredux,java,1,12,1282,68.204,30084,0,97% 98% 99% 99%,17.343
fannkuchredux,sbcl,4,12,1518,64.004,45900,0,100% 99% 92% 98%,16.460
fannkuchredux,node,1,12,471,91.392,29188,0,100% 0% 1% 1%,91.415
fannkuchredux,clojure,3,12,1491,76.272,72936,0,99% 96% 95% 95%,19.838
fannkuchredux,csharpllvm,2,12,564,49.420,37000,0,1% 1% 0% 100%,49.432
fannkuchredux,fpascal,1,12,1018,69.376,1732,0,99% 100% 100% 100%,17.393
fannkuchredux,sbcl,3,12,821,72.588,35620,0,100% 1% 1% 0%,72.606
fannkuchredux,go,1,12,900,62.080,952,0,100% 100% 100% 100%,15.590
fannkuchredux,hack,1,12,532,2210.976,110032,0,1% 87% 0% 14%,2211.510
fannkuchredux,csharpcore,3,12,1096,81.664,37236,0,99% 98% 100% 98%,20.737
fannkuchredux,ghc,4,12,665,90.000,8672,0,54% 21% 26% 11%,81.652
fannkuchredux,ghc,2,12,808,547.936,10356,0,74% 74% 74% 74%,186.743
fannkuchredux,fsharpcore,1,12,551,233.268,71192,0,43% 30% 7% 26%,223.790
fannkuchredux,ocaml,1,12,524,96.824,4112,0,1% 0% 100% 1%,96.851
fannkuchredux,lua,1,12,462,1785.628,1888,0,30% 1% 70% 0%,1786.020
fannkuchredux,gnat,3,12,2100,43.996,4096,0,100% 100% 100% 100%,11.059
fannkuchredux,csharpllvm,3,12,1096,87.324,37716,0,97% 98% 98% 97%,22.382
fannkuchredux,gcc,4,12,1183,24.632,816,0,1% 1% 1% 100%,24.640
fannkuchredux,gpp,3,12,593,56.896,740,0,1% 100% 0% 1%,56.910
fannkuchredux,typescript,2,12,454,775.604,24904,0,0% 1% 1% 100%,775.782
fannkuchredux,gcc,3,12,567,55.896,812,0,68% 1% 1% 32%,55.912
fannkuchredux,hipe,1,12,1038,460.476,22708,0,98% 100% 97% 97%,117.448
fannkuchredux,gcc,2,12,1557,54.568,928,0,95% 97% 100% 98%,14.014
fannkuchredux,racket,2,12,903,288.132,18100,0,13% 53% 4% 33%,288.084
fannkuchredux,ifc,1,12,590,57.589,516,0,1% 0% 1% 100%,57.605
fannkuchredux,php,1,12,482,1671.424,7928,0,100% 1% 1% 0%,1671.815
fannkuchredux,fsharpcore,4,12,612,62.536,41804,0,1% 100% 0% 0%,62.558
fannkuchredux,ghc,3,12,1153,66.652,6948,0,95% 100% 98% 99%,16.997
fannkuchredux,ifc,3,12,1148,55.741,10536,0,100% 100% 100% 100%,13.977
fannkuchredux,perl,1,12,457,2275.656,3552,0,1% 1% 51% 50%,2276.290
fannkuchredux,sbcl,2,12,513,95.120,18548,0,0% 1% 1% 100%,95.140
fannkuchredux,jruby,1,12,384,576.456,709824,0,3% 1% 10% 89%,568.385
fannkuchredux,vw,1,12,838,713.048,55892,0,1% 1% 29% 71%,713.409
fannkuchredux,gpp,7,12,1150,24.040,780,0,100% 1% 1% 0%,24.048
fannkuchredux,fsharpcore,2,12,548,88.532,37404,0,0% 100% 1% 1%,88.559
fannkuchredux,fsharp,4,12,612,67.316,38236,0,1% 1% 1% 100%,67.336
fasta,hack,3,25000000,1029,69.616,113044,0,0% 1% 1% 100%,69.649
fasta,gcc,7,25000000,1993,5.264,2800,0,96% 97% 100% 97%,1.356
fasta,hack,2,25000000,1003,50.032,110596,0,0% 1% 1% 100%,50.062
fasta,fsharpcore,1,25000000,978,9.540,37260,0,100% 0% 0% 1%,9.547
fasta,yarv,5,25000000,987,150.976,10004,0,42% 35% 23% 3%,151.049
fasta,ifc,1,25000000,1155,6.031,508,0,0% 0% 100% 3%,6.034
fasta,ocaml,3,25000000,1042,8.532,2032,0,0% 1% 1% 100%,8.540
fasta,hipe,2,25000000,1164,33.768,29896,0,3% 72% 30% 1%,32.240
fasta,typescript,1,25000000,1205,12.752,32544,0,0% 1% 100% 1%,12.757
fasta,scala,1,25000000,1080,10.948,42432,0,86% 15% 1% 2%,10.801
fasta,jruby,1,25000000,760,247.816,1354164,0,38% 24% 9% 37%,237.487
fasta,perl,2,25000000,886,297.460,4888,0,14% 31% 1% 57%,297.565
fasta,gpp,4,25000000,1266,6.148,784,0,100% 1% 1% 0%,6.151
fasta,swift,2,25000000,1692,0.000,0,-10,62% 67% 91% 92%,0.125
fasta,gcc,5,25000000,1261,3.264,864,0,1% 1% 100% 2%,3.268
fasta,csharpllvm,4,25000000,1505,10.416,86560,0,57% 70% 65% 58%,4.210
fasta,sbcl,3,25000000,1579,9.732,18448,0,1% 100% 1% 0%,9.737
fasta,sbcl,1,25000000,1419,18.544,18584,0,0% 1% 1% 100%,18.551
fasta,node,3,25000000,1101,13.324,28860,0,100% 1% 1% 0%,13.327
fasta,racket,3,25000000,1276,18.392,21780,0,100% 0% 1% 1%,18.403
fasta,rust,2,25000000,1887,4.676,18740,0,74% 74% 73% 84%,1.544
fasta,python3,1,25000000,792,206.088,7944,0,22% 25% 41% 48%,207.442
fasta,php,2,25000000,1006,150.028,8016,0,5% 29% 15% 53%,150.203
fasta,php,3,25000000,1030,59.260,7936,0,1% 0% 1% 100%,59.279
fasta,ifc,3,25000000,1190,4.330,508,0,0% 1% 100% 0%,4.333
fasta,ghc,1,25000000,1421,0.000,0,-10,8% 0% 0% 91%,0.115
fasta,yarv,4,25000000,904,160.736,242268,0,35% 4% 39% 23%,160.895
fasta,go,3,25000000,1344,5.756,3456,0,76% 71% 74% 73%,1.968
fasta,python3,3,25000000,977,111.404,8276,0,28% 0% 0% 73%,111.443
fasta,csharpllvm,3,25000000,1904,8.996,58088,0,82% 87% 73% 77%,2.852
fasta,racket,1,25000000,1054,44.948,19880,0,77% 24% 1% 1%,44.954
fasta,fpascal,4,25000000,1112,10.980,8,0,100% 1% 0% 1%,10.987
fasta,java,4,25000000,1507,5.100,30800,0,1% 98% 2% 3%,5.031
fasta,go,1,25000000,1036,6.668,1016,0,80% 1% 0% 21%,6.671
fasta,node,1,25000000,840,97.412,33396,0,1% 0% 1% 100%,97.454
fasta,jruby,3,25000000,973,88.976,818584,0,81% 9% 16% 6%,81.664
fasta,java,2,25000000,1240,8.024,29752,0,4% 41% 1% 57%,7.890
fasta,gcc,1,25000000,1185,7.688,812,0,100% 1% 1% 1%,7.692
fasta,ocaml,6,25000000,1161,5.852,203780,0,0% 1% 100% 0%,5.860
fasta,python3,5,25000000,1933,145.316,3516300,0,76% 48% 58% 49%,120.326
fasta,erlang,2,25000000,1164,56.480,23568,0,99% 2% 4% 1%,54.484
fasta,ghc,4,25000000,1413,0.000,0,-10,0% 25% 91% 0%,0.110
fasta,csharpllvm,2,25000000,1180,6.376,38196,0,1% 0% 7% 93%,6.383
fasta,gpp,2,25000000,1105,4.552,1772,0,1% 0% 100% 1%,4.558
fasta,sbcl,2,25000000,1617,18.224,18508,0,1% 0% 100% 1%,18.234
fasta,gnat,5,25000000,2186,4.064,2008,0,1% 100% 0% 1%,4.068
fasta,yarv,2,25000000,732,205.176,206664,0,32% 1% 0% 69%,205.246
fasta,swift,1,25000000,1552,11.164,6104,0,1% 0% 100% 1%,11.172
fasta,chapel,1,25000000,1216,20.588,28868,0,100% 0% 0% 1%,20.589
fasta,yarv,3,25000000,973,113.600,59200,0,1% 100% 0% 1%,113.641
fasta,node,2,25000000,965,30.712,178668,0,1% 7% 93% 1%,30.737
fasta,csharpcore,3,25000000,1904,8.440,88596,0,89% 86% 86% 98%,2.373
fasta,clojure,5,25000000,1839,11.176,75108,0,8% 12% 5% 94%,9.517
fasta,dart,1,25000000,1386,8.812,30552,0,94% 2% 7% 1%,8.732
fasta,hack,4,25000000,1109,39.164,112920,0,1% 0% 100% 1%,39.192
fasta,gcc,6,25000000,1914,5.384,2532,0,98% 100% 1% 98%,1.830
fasta,ifc,4,25000000,1327,2.436,512,0,2% 0% 1% 100%,2.438
fasta,go,2,25000000,1388,6.484,11156,0,53% 70% 44% 50%,3.034
fasta,clojure,6,25000000,1653,7.800,71088,0,13% 88% 9% 13%,6.487
fasta,csharpcore,4,25000000,1505,10.684,191308,0,87% 87% 97% 89%,2.980
fasta,gpp,3,25000000,1286,4.204,1792,0,0% 100% 2% 0%,4.210
fasta,perl,4,25000000,934,214.820,4748,0,6% 53% 21% 21%,214.901
fasta,csharpcore,2,25000000,1180,6.576,36528,0,2% 1% 0% 100%,6.583
fasta,gpp,1,25000000,1033,6.220,1632,0,0% 2% 100% 1%,6.227
fasta,scala,3,25000000,1053,7.468,36560,0,78% 23% 1% 2%,7.346
fasta,lua,1,25000000,1049,0.000,0,-2,0% 50% 100% 0%,0.012
fasta,gcc,4,25000000,1221,6.052,868,0,1% 100% 0% 1%,6.057
fasta,gnat,1,25000000,1346,7.912,2024,0,1% 100% 1% 1%,7.920
fasta,erlang,1,25000000,1039,161.072,21608,0,18% 97% 4% 21%,116.935
fasta,fsharp,1,25000000,978,8.564,40228,0,100% 0% 1% 1%,8.570
fasta,gpp,5,25000000,2313,5.172,4092,0,87% 87% 87% 87%,1.501
fasta,rust,1,25000000,1211,5.828,6056,0,0% 1% 1% 100%,5.833
fasta,sbcl,6,25000000,1751,29.732,51228,0,1% 0% 100% 1%,29.772
fasta,hipe,1,25000000,1039,153.636,20460,0,90% 28% 16% 4%,117.526
fasta,perl,1,25000000,838,98.124,53760,0,99% 1% 1% 1%,98.158
fasta,java,5,25000000,2457,6.372,37072,0,81% 68% 72% 72%,2.199
fasta,vw,1,25000000,1315,47.888,53860,0,100% 1% 1% 1%,47.924
knucleotide,rust,1,25000000,1072,144.972,175992,0,39% 93% 45% 75%,58.731
knucleotide,erlang,3,25000000,932,499.140,892448,0,69% 71% 94% 56%,175.103
knucleotide,jruby,6,25000000,757,0.000,178160,-2,39% 41% 33% 49%,8.015
knucleotide,java,4,25000000,1873,48.356,184716,0,1% 8% 92% 1%,47.920
knucleotide,java,6,25000000,1602,44.436,462488,0,98% 81% 85% 82%,12.869
knucleotide,python3,3,25000000,1937,297.124,162004,0,97% 97% 97% 99%,76.496
knucleotide,fsharpcore,1,25000000,701,233.908,1028096,0,81% 80% 84% 82%,71.881
knucleotide,python3,8,25000000,647,401.620,451204,0,98% 59% 89% 55%,133.464
knucleotide,clojure,7,25000000,3030,98.484,1012240,0,84% 88% 76% 77%,30.418
knucleotide,yarv,2,25000000,420,377.948,169544,0,74% 23% 4% 0%,378.145
knucleotide,scala,1,25000000,1625,120.936,836800,0,97% 93% 93% 91%,32.398
knucleotide,go,2,25000000,1531,149.536,265748,0,64% 71% 61% 84%,55.065
knucleotide,perl,3,25000000,507,254.580,1146924,0,97% 74% 84% 96%,72.760
knucleotide,fsharp,1,25000000,701,1372.012,653356,0,76% 70% 67% 72%,488.434
knucleotide,ocaml,2,25000000,1205,81.668,384856,0,94% 85% 39% 24%,34.209
knucleotide,perl,1,25000000,648,230.488,1131644,0,92% 90% 95% 89%,63.377
knucleotide,jruby,5,25000000,569,0.000,168756,-2,55% 62% 60% 98%,2.661
knucleotide,lua,2,25000000,613,193.796,860768,0,1% 0% 1% 100%,195.169
knucleotide,csharpcore,3,25000000,1404,96.644,693888,0,76% 91% 71% 75%,31.085
knucleotide,racket,1,25000000,542,245.436,1312972,0,1% 1% 5% 96%,245.487
knucleotide,clojure,6,25000000,1737,117.908,1010396,0,87% 72% 70% 44%,43.487
knucleotide,rust,2,25000000,1324,54.804,170760,0,48% 40% 99% 88%,20.013
knucleotide,csharpllvm,4,25000000,1696,89.044,519728,0,74% 97% 74% 73%,28.040
knucleotide,sbcl,3,25000000,1284,139.612,349224,0,1% 86% 14% 1%,140.254
knucleotide,go,1,25000000,980,202.696,265368,0,100% 89% 77% 77%,59.293
knucleotide,csharpcore,7,25000000,1822,49.744,863420,0,85% 74% 78% 80%,15.720
knucleotide,ocaml,3,25000000,1789,57.124,259876,0,91% 100% 39% 38%,21.480
knucleotide,yarv,5,25000000,569,0.000,0,-2,100% 0% 0% 11%,0.082
knucleotide,fsharpcore,4,25000000,1477,64.996,1170580,0,77% 83% 92% 76%,19.944
knucleotide,csharpllvm,6,25000000,1585,43.736,197608,0,59% 88% 55% 62%,16.612
knucleotide,sbcl,2,25000000,1277,138.116,347384,0,1% 100% 1% 1%,138.187
knucleotide,php,4,25000000,1060,152.164,135472,0,81% 92% 76% 93%,44.546
knucleotide,chapel,1,25000000,1056,124.112,283024,0,100% 88% 78% 83%,36.841
knucleotide,yarv,3,25000000,540,435.092,174188,0,34% 17% 17% 34%,435.675
knucleotide,csharpcore,4,25000000,1696,102.912,867604,0,86% 86% 93% 88%,29.263
knucleotide,csharpllvm,7,25000000,1822,56.944,515204,0,63% 97% 64% 65%,19.870
knucleotide,csharpcore,6,25000000,1585,37.156,221428,0,97% 53% 72% 56%,13.446
knucleotide,swift,2,25000000,1452,0.000,56416,-10,37% 41% 33% 26%,4.099
knucleotide,perl,2,25000000,359,215.984,536960,0,100% 0% 1% 1%,216.140
knucleotide,erlang,1,25000000,930,523.908,3590628,0,57% 71% 71% 71%,242.573
knucleotide,csharpcore,1,25000000,1420,107.932,864876,0,98% 2% 2% 1%,107.350
knucleotide,csharpllvm,1,25000000,1420,91.824,522200,0,94% 1% 1% 6%,91.647
knucleotide,scala,2,25000000,1123,105.548,964812,0,52% 71% 59% 89%,39.056
knucleotide,swift,3,25000000,1206,0.000,21328,-10,2% 1% 1% 100%,1.968
knucleotide,java,5,25000000,2211,70.640,219764,0,28% 92% 18% 92%,30.835
knucleotide,scala,6,25000000,1380,176.756,504360,0,94% 95% 94% 95%,46.896
knucleotide,racket,4,25000000,881,89.580,366908,0,1% 0% 100% 1%,89.596
knucleotide,clojure,4,25000000,1944,179.492,1010468,0,81% 82% 80% 69%,57.846
knucleotide,ocaml,1,25000000,870,66.760,421172,0,18% 1% 83% 1%,66.822
knucleotide,ifc,1,25000000,2238,86.299,162824,0,0% 0% 100% 1%,86.354
knucleotide,csharpcore,5,25000000,2445,0.000,42448,-2,6% 27% 67% 6%,0.485
knucleotide,fsharp,4,25000000,1477,65.540,993192,0,63% 58% 72% 88%,23.492
knucleotide,csharpllvm,5,25000000,2445,134.644,375564,0,80% 78% 79% 95%,40.836
knucleotide,jruby,2,25000000,421,0.000,166376,-2,50% 61% 52% 94%,2.452
knucleotide,gcc,1,25000000,1500,17.056,130076,0,51% 37% 89% 88%,6.460
knucleotide,dart,1,25000000,595,307.012,438904,0,80% 1% 5% 16%,304.382
knucleotide,jruby,1,25000000,637,559.764,968128,0,84% 83% 76% 67%,181.436
knucleotide,sbcl,5,25000000,2301,34.120,164172,0,0% 1% 1% 100%,34.161
knucleotide,csharpcore,2,25000000,1012,170.144,1080716,0,7% 78% 11% 8%,166.881
knucleotide,yarv,4,25000000,423,0.000,14268,-2,85% 92% 13% 3%,1.546
knucleotide,typescript,1,25000000,717,0.000,0,-2,10% 0% 90% 0%,0.095
knucleotide,hipe,1,25000000,930,441.220,3561784,0,58% 83% 76% 46%,206.466
knucleotide,csharpllvm,3,25000000,1404,105.564,535956,0,82% 72% 86% 86%,32.499
knucleotide,yarv,6,25000000,757,0.000,0,-2,100% 14% 86% 0%,0.064
knucleotide,java,3,25000000,1630,46.448,464304,0,86% 87% 94% 83%,13.289
knucleotide,fsharpcore,3,25000000,1111,63.876,1171660,0,81% 82% 56% 29%,25.985
knucleotide,node,2,25000000,904,161.128,2035172,0,88% 99% 87% 87%,61.595
knucleotide,perl,4,25000000,472,223.616,1069012,0,93% 76% 68% 94%,68.401
knucleotide,hack,4,25000000,1061,179.836,259040,0,75% 96% 79% 87%,53.677
knucleotide,gpp,3,25000000,1252,24.212,164080,0,82% 83% 80% 96%,7.150
knucleotide,jruby,4,25000000,423,0.000,391216,-2,55% 73% 59% 45%,4.976
knucleotide,swift,1,25000000,1429,0.000,0,-11,%,0.000
knucleotide,java,1,25000000,1802,25.752,469624,0,97% 77% 76% 71%,8.102
knucleotide,sbcl,4,25000000,2272,34.008,164172,0,1% 1% 0% 100%,34.047
knucleotide,csharpllvm,2,25000000,1012,202.240,507980,0,16% 1% 85% 1%,202.426
knucleotide,gnat,2,25000000,4865,25.872,278036,0,87% 48% 61% 22%,11.975
knucleotide,jruby,3,25000000,540,616.272,965132,0,91% 80% 79% 75%,190.538
knucleotide,go,6,25000000,1582,54.684,149276,0,88% 97% 90% 79%,15.481
knucleotide,vw,5,25000000,1153,320.556,378812,0,50% 50% 0% 1%,320.936
knucleotide,yarv,1,25000000,637,438.352,134100,0,87% 78% 92% 78%,131.919
knucleotide,hipe,3,25000000,932,438.076,1077148,0,51% 57% 99% 64%,163.555
knucleotide,node,1,25000000,974,167.628,2465076,0,74% 93% 75% 79%,72.170
knucleotide,swift,4,25000000,1246,0.000,10016,-10,0% 100% 2% 4%,0.485
knucleotide,fsharp,3,25000000,1111,68.708,975732,0,48% 65% 70% 72%,27.145
mandelbrot,jruby,6,16000,885,0.000,176376,-2,53% 64% 67% 84%,2.990
mandelbrot,fpascal,4,16000,748,66.340,31540,0,100% 100% 100% 100%,16.615
mandelbrot,go,3,16000,894,22.556,30756,0,100% 100% 99% 99%,5.675
mandelbrot,typescript,1,16000,392,490.564,32480,0,1% 74% 20% 8%,490.848
mandelbrot,gpp,7,16000,1017,24.292,34056,0,100% 100% 100% 100%,6.100
mandelbrot,clojure,7,16000,1195,31.728,156448,0,88% 88% 89% 91%,8.935
mandelbrot,csharpllvm,6,16000,986,31.624,78976,0,96% 99% 97% 97%,8.129
mandelbrot,gcc,6,16000,879,24.668,29380,0,100% 100% 100% 100%,6.187
mandelbrot,hack,1,16000,441,248.244,112980,0,34% 37% 29% 1%,248.335
mandelbrot,lua,6,16000,623,733.912,33024,0,100% 83% 84% 78%,213.652
mandelbrot,rust,1,16000,868,19.328,69468,0,100% 98% 99% 99%,4.920
mandelbrot,hack,3,16000,864,314.552,124372,0,99% 100% 100% 99%,79.199
mandelbrot,java,3,16000,903,45.380,89188,0,99% 98% 98% 98%,11.554
mandelbrot,gnat,3,16000,1805,24.128,33904,0,100% 99% 99% 99%,6.098
mandelbrot,fpascal,1,16000,820,61.872,32892,0,43% 93% 37% 93%,23.322
mandelbrot,gpp,9,16000,726,22.400,33952,0,96% 95% 95% 100%,5.818
mandelbrot,gpp,3,16000,414,90.352,1672,0,1% 100% 1% 1%,90.378
mandelbrot,gcc,4,16000,799,24.064,29984,0,100% 100% 100% 100%,6.042
mandelbrot,gpp,8,16000,742,22.040,33944,0,37% 100% 37% 100%,8.107
mandelbrot,scala,4,16000,786,27.968,93120,0,97% 100% 97% 96%,7.199
mandelbrot,hipe,2,16000,613,500.644,1303564,0,98% 99% 99% 99%,127.165
mandelbrot,swift,3,16000,1136,16.296,42364,0,100% 100% 100% 99%,4.101
mandelbrot,chapel,1,16000,455,48.332,61712,0,100% 99% 100% 100%,12.151
mandelbrot,swift,1,16000,394,50.696,4412,0,100% 0% 1% 1%,50.712
mandelbrot,java,1,16000,665,42.996,38872,0,78% 1% 23% 0%,42.967
mandelbrot,yarv,6,16000,885,2136.548,226580,0,95% 95% 95% 95%,573.213
mandelbrot,gcc,7,16000,994,24.248,32972,0,100% 100% 100% 100%,6.087
mandelbrot,python3,7,16000,686,1171.644,55392,0,100% 100% 100% 100%,293.919
mandelbrot,fpascal,2,16000,820,61.868,32920,0,94% 93% 37% 43%,23.311
mandelbrot,yarv,3,16000,307,1776.344,9100,0,13% 9% 51% 28%,1776.852
mandelbrot,lua,2,16000,367,727.056,2272,0,1% 1% 44% 56%,727.249
mandelbrot,hipe,1,16000,534,508.256,1711344,0,99% 97% 97% 97%,131.227
mandelbrot,lua,1,16000,353,0.000,0,-2,%,0.000
mandelbrot,yarv,5,16000,1019,1748.636,72684,0,100% 100% 100% 100%,438.011
mandelbrot,php,1,16000,443,527.204,7892,0,18% 25% 16% 45%,527.357
mandelbrot,erlang,2,16000,613,2022.760,1285708,0,100% 100% 100% 100%,508.261
mandelbrot,ifc,2,16000,813,0.000,291812,-10,0% 1% 100% 1%,50.385
mandelbrot,ifc,3,16000,754,0.000,0,-10,100% 86% 83% 100%,0.058
mandelbrot,scala,5,16000,589,43.684,89196,0,87% 71% 67% 51%,15.881
mandelbrot,gcc,1,16000,822,23.732,28100,0,100% 100% 100% 100%,5.952
mandelbrot,sbcl,1,16000,2459,28.512,66676,0,83% 83% 100% 98%,7.876
mandelbrot,jruby,3,16000,307,1182.956,677544,0,37% 24% 17% 25%,1172.005
mandelbrot,go,1,16000,823,48.268,33728,0,100% 100% 100% 100%,12.108
mandelbrot,go,2,16000,837,50.492,34468,0,70% 69% 100% 68%,16.557
mandelbrot,racket,2,16000,585,86.224,20280,0,2% 1% 44% 57%,86.229
mandelbrot,gpp,2,16000,687,29.568,34144,0,1% 1% 1% 100%,29.577
mandelbrot,gcc,9,16000,694,22.776,32572,0,95% 95% 95% 100%,5.917
mandelbrot,node,1,16000,778,111.636,1231892,0,79% 86% 95% 87%,32.220
mandelbrot,java,6,16000,802,31.412,92872,0,98% 98% 99% 98%,8.012
mandelbrot,scala,3,16000,796,46.692,82564,0,98% 99% 98% 97%,11.917
mandelbrot,fsharp,3,16000,800,44.568,80616,0,97% 97% 98% 99%,11.421
mandelbrot,gpp,5,16000,590,24.160,33608,0,0% 1% 1% 100%,24.171
mandelbrot,erlang,1,16000,534,2042.644,1649380,0,99% 99% 100% 99%,516.359
mandelbrot,scala,1,16000,724,51.176,66852,0,98% 98% 99% 100%,12.968
mandelbrot,scala,2,16000,454,51.904,45592,0,0% 1% 100% 0%,51.826
mandelbrot,jruby,4,16000,849,3369.896,2288400,0,98% 98% 98% 98%,864.767
mandelbrot,csharpcore,2,16000,484,0.000,852,-2,31% 0% 0% 71%,0.381
mandelbrot,csharpcore,6,16000,986,0.000,836,-2,13% 5% 20% 69%,0.389
mandelbrot,csharpcore,4,16000,872,0.000,852,-2,97% 3% 5% 5%,0.371
mandelbrot,ifc,5,16000,508,56.858,32580,0,1% 1% 0% 100%,56.876
mandelbrot,gcc,3,16000,763,24.204,32472,0,100% 100% 100% 100%,6.077
mandelbrot,ocaml,6,16000,444,55.168,2148,0,1% 1% 100% 1%,55.183
mandelbrot,ifc,4,16000,611,49.084,61076,0,94% 41% 93% 34%,18.782
mandelbrot,php,3,16000,863,536.044,132880,0,100% 100% 100% 100%,134.339
mandelbrot,ifc,1,16000,485,0.000,772,-10,0% 0% 100% 0%,0.233
mandelbrot,fpascal,5,16000,829,0.000,0,-11,%,0.000
mandelbrot,perl,1,16000,579,3085.628,45540,0,100% 100% 100% 100%,772.487
mandelbrot,clojure,6,16000,1069,52.876,125792,0,95% 92% 90% 91%,14.405
mandelbrot,csharpllvm,1,16000,798,46.096,78728,0,99% 98% 98% 98%,11.756
mandelbrot,dart,1,16000,901,55.816,107912,0,99% 38% 99% 38%,20.439
mandelbrot,csharpllvm,2,16000,484,56.324,39856,0,0% 100% 0% 1%,56.341
mandelbrot,jruby,2,16000,925,8106.100,764220,0,99% 99% 99% 99%,2065.518
mandelbrot,csharpcore,3,16000,701,45.188,87428,0,100% 99% 99% 99%,11.417
mandelbrot,go,6,16000,700,47.920,32448,0,100% 100% 100% 100%,12.025
mandelbrot,python3,5,16000,449,2146.980,54876,0,100% 100% 100% 100%,537.874
mandelbrot,fsharp,2,16000,1043,48.524,47724,0,92% 96% 91% 92%,13.097
mandelbrot,vw,2,16000,467,583.748,55640,0,0% 100% 1% 1%,583.994
mandelbrot,hack,2,16000,458,448.240,114728,0,7% 32% 30% 33%,448.387
mandelbrot,ocaml,1,16000,710,54.776,4204,0,100% 100% 100% 100%,13.781
mandelbrot,yarv,2,16000,925,2237.880,153484,0,100% 100% 100% 100%,561.146
mandelbrot,fsharpcore,2,16000,1043,54.388,46232,0,99% 99% 100% 99%,13.748
mandelbrot,fsharpcore,3,16000,800,48.972,85428,0,99% 99% 99% 100%,12.375
mandelbrot,jruby,5,16000,1019,0.000,768168,-10,97% 96% 98% 96%,37.925
mandelbrot,csharpcore,1,16000,798,45.900,85356,0,100% 99% 99% 99%,11.593
mandelbrot,clojure,5,16000,1069,50.364,110532,0,34% 15% 20% 34%,48.957
mandelbrot,racket,3,16000,797,72.892,21084,0,1% 100% 1% 1%,72.893
mandelbrot,csharpllvm,3,16000,701,45.200,76668,0,98% 98% 98% 99%,11.524
mandelbrot,csharpllvm,5,16000,839,29.724,77780,0,97% 97% 98% 97%,7.665
mandelbrot,sbcl,3,16000,888,46.388,57208,0,39% 93% 33% 93%,18.006
mandelbrot,rust,2,16000,1080,0.000,0,-11,%,0.000
mandelbrot,ghc,2,16000,782,46.344,44252,0,100% 100% 100% 100%,11.629
mandelbrot,fsharpcore,4,16000,869,0.000,840,-2,0% 8% 0% 100%,0.387
mandelbrot,java,2,16000,796,27.928,88236,0,97% 98% 98% 99%,7.139
mandelbrot,yarv,4,16000,849,1782.636,70508,0,26% 26% 26% 24%,1783.097
mandelbrot,gcc,2,16000,400,47.336,716,0,0% 100% 1% 1%,47.351
mandelbrot,python3,2,16000,777,1785.500,14076,0,100% 98% 98% 98%,452.937
mandelbrot,racket,1,16000,517,117.792,25164,0,1% 67% 33% 1%,117.790
mandelbrot,csharpllvm,4,16000,872,31.588,80984,0,97% 97% 99% 97%,8.119
mandelbrot,gpp,6,16000,1035,27.620,32956,0,100% 100% 100% 100%,6.933
mandelbrot,fsharp,4,16000,869,35.240,85556,0,94% 98% 96% 94%,9.230
mandelbrot,racket,4,16000,796,73.952,124816,0,95% 96% 95% 96%,19.413
mandelbrot,gnat,2,16000,572,53.148,1976,0,0% 100% 0% 1%,53.165
mandelbrot,csharpcore,5,16000,839,32.772,67972,0,99% 99% 99% 99%,8.295
mandelbrot,fpascal,3,16000,530,0.000,0,-11,%,0.000
meteor,rust,1,2098,2224,0.136,0,0,33% 50% 100% 57%,0.064
meteor,ghc,4,2098,803,2.428,9968,0,8% 99% 9% 9%,1.967
meteor,gpp,4,2098,5330,0.076,0,0,0% 100% 0% 0%,0.078
meteor,yarv,1,2098,2768,7.548,9668,0,100% 0% 1% 1%,7.551
meteor,python3,1,2098,1442,10.284,8168,0,0% 1% 100% 1%,10.290
meteor,yarv,2,2098,2786,4.644,9472,0,1% 1% 100% 0%,4.649
meteor,java,2,2098,5177,0.492,1784,0,59% 70% 29% 17%,0.288
meteor,gnat,1,2098,7416,0.080,0,0,100% 10% 0% 0%,0.085
meteor,gpp,2,2098,4080,0.160,0,0,100% 0% 0% 12%,0.162
meteor,java,1,2098,4368,0.920,31848,0,10% 95% 4% 9%,0.806
meteor,ghc,3,2098,1804,0.700,7404,0,100% 14% 10% 17%,0.511
meteor,gpp,1,2098,4343,0.140,0,0,0% 94% 7% 7%,0.144
meteor,ghc,1,2098,2200,1.292,9712,0,8% 100% 9% 6%,0.992
meteor,lua,2,2098,1657,0.000,0,-2,0% 33% 100% 0%,0.024
meteor,python3,3,2098,1206,10.436,9028,0,100% 0% 0% 1%,10.444
meteor,scala,1,2098,2088,0.000,0,-2,6% 13% 6% 94%,0.161
meteor,python3,2,2098,1311,7.772,8512,0,1% 0% 0% 100%,7.778
meteor,gpp,5,2098,5051,0.084,0,0,100% 0% 0% 0%,0.086
meteor,lua,4,2098,2225,0.000,0,-2,25% 0% 100% 0%,0.033
meteor,vw,1,2098,5304,0.624,53852,0,2% 100% 3% 0%,0.628
meteor,gcc,1,2098,3066,0.088,0,0,0% 0% 100% 0%,0.090
meteor,gpp,3,2098,4862,0.080,0,0,0% 100% 0% 11%,0.084
meteor,go,1,2098,2986,0.124,0,0,0% 0% 100% 0%,0.126
meteor,ghc,2,2098,1891,0.868,9116,0,13% 97% 13% 16%,0.654
meteor,chapel,2,2098,2608,0.156,0,0,71% 57% 63% 57%,0.067
meteor,chapel,1,2098,2736,1.508,33084,0,98% 65% 79% 59%,0.514
meteor,fpascal,3,2098,5471,0.080,0,0,100% 11% 0% 0%,0.083
meteor,lua,1,2098,1561,0.000,0,-2,100% 0% 0% 0%,0.019
meteor,scala,2,2098,2558,0.000,0,-2,6% 12% 0% 93%,0.162
meteor,scala,4,2098,2532,0.000,0,-2,0% 12% 94% 6%,0.162
meteor,ghc,5,2098,2919,0.748,9876,0,9% 98% 11% 13%,0.561
meteor,perl,1,2098,1541,45.648,6644,0,1% 1% 0% 100%,45.666
meteor,ocaml,1,2098,2156,0.792,7064,0,4% 100% 1% 3%,0.794
meteor,lua,3,2098,1703,0.000,0,-2,0% 0% 0% 67%,0.020
meteor,racket,1,2098,1907,0.524,19796,0,6% 4% 2% 100%,0.527
meteor,perl,2,2098,1502,20.028,6632,0,1% 1% 1% 100%,20.040
meteor,rust,2,2098,3837,0.076,0,0,33% 75% 50% 80%,0.042
meteor,clojure,2,2098,3689,5.472,88600,0,49% 81% 52% 47%,2.410
meteor,gpp,6,2098,2620,0.044,0,0,100% 100% 67% 100%,0.014
meteor,jruby,1,2098,2768,23.108,683304,0,50% 38% 44% 77%,11.214
meteor,jruby,2,2098,2786,22.936,701064,0,83% 54% 47% 40%,10.400
nbody,csharpllvm,3,50000000,1305,21.828,37348,0,1% 100% 0% 0%,21.837
nbody,gnat,2,50000000,2604,10.988,1952,0,0% 1% 100% 1%,10.993
nbody,scala,1,50000000,1358,23.716,35236,0,0% 100% 1% 0%,23.670
nbody,swift,6,50000000,1194,23.956,4416,0,0% 1% 1% 100%,23.966
nbody,fpascal,1,50000000,1308,22.348,8,0,0% 100% 0% 1%,22.357
nbody,java,4,50000000,1489,23.492,27992,0,0% 100% 1% 0%,23.479
nbody,dart,2,50000000,1274,30.572,28612,0,1% 2% 1% 100%,30.358
nbody,rust,1,50000000,1474,24.552,6056,0,0% 1% 1% 100%,24.564
nbody,java,2,50000000,1424,22.656,27816,0,100% 1% 0% 0%,22.634
nbody,ifc,2,50000000,1496,19.834,508,0,1% 0% 1% 100%,19.841
nbody,ifc,3,50000000,1299,23.183,520,0,1% 0% 1% 100%,23.190
nbody,gpp,3,50000000,1763,9.288,1712,0,100% 1% 1% 0%,9.295
nbody,ocaml,1,50000000,1239,21.672,1140,0,1% 100% 1% 1%,21.681
nbody,go,1,50000000,1310,21.728,952,0,0% 100% 1% 2%,21.728
nbody,lua,4,50000000,1305,434.456,2252,0,1% 0% 0% 100%,434.561
nbody,csharpllvm,5,50000000,1485,31.684,38904,0,0% 0% 100% 1%,31.698
nbody,ifc,1,50000000,1389,19.950,512,0,0% 1% 0% 100%,19.956
nbody,go,2,50000000,1215,22.016,952,0,0% 0% 1% 100%,22.013
nbody,swift,2,50000000,1192,32.044,4412,0,1% 100% 1% 0%,32.055
nbody,gcc,5,50000000,1429,20.968,784,0,1% 1% 100% 2%,20.978
nbody,csharpllvm,6,50000000,1289,24.540,38336,0,100% 1% 0% 0%,24.548
nbody,gcc,6,50000000,1180,21.132,956,0,100% 1% 1% 0%,21.140
nbody,csharpcore,6,50000000,1289,24.556,37320,0,100% 1% 1% 0%,24.564
nbody,csharpllvm,2,50000000,1410,22.756,38256,0,1% 0% 1% 100%,22.766
nbody,fsharpcore,1,50000000,1259,25.464,73644,0,49% 33% 2% 17%,25.366
nbody,dart,3,50000000,1420,27.528,28980,0,1% 1% 100% 1%,27.327
nbody,csharpcore,5,50000000,1485,0.000,848,-2,32% 11% 3% 62%,0.376
nbody,hipe,3,50000000,1399,205.620,24960,0,13% 87% 0% 1%,205.628
nbody,rust,2,50000000,1799,22.908,6024,0,0% 100% 1% 0%,22.918
nbody,csharpcore,3,50000000,1305,21.700,36952,0,100% 1% 1% 1%,21.710
nbody,node,1,50000000,1297,27.720,26396,0,0% 100% 1% 0%,27.728
nbody,python3,2,50000000,1228,968.492,7996,0,9% 15% 63% 14%,968.742
nbody,erlang,3,50000000,1399,377.056,24140,0,1% 100% 0% 1%,377.148
nbody,jruby,2,50000000,1137,300.180,706256,0,26% 29% 25% 24%,292.957
nbody,hack,3,50000000,1080,1485.336,114024,0,54% 47% 1% 1%,1485.770
nbody,gcc,1,50000000,1173,21.140,1028,0,1% 100% 0% 2%,21.149
nbody,chapel,1,50000000,962,23.260,20652,0,100% 0% 1% 1%,23.262
nbody,clojure,2,50000000,1440,27.952,77076,0,2% 94% 2% 8%,26.810
nbody,node,4,50000000,1279,32.832,26084,0,1% 100% 1% 0%,32.843
nbody,typescript,1,50000000,1462,431.136,36564,0,76% 1% 1% 25%,431.825
nbody,hack,5,50000000,1432,565.020,112564,0,15% 86% 0% 0%,565.179
nbody,swift,3,50000000,1204,32.552,4412,0,100% 1% 1% 0%,32.565
nbody,csharpllvm,8,50000000,1343,22.084,39328,0,1% 0% 1% 100%,22.093
nbody,java,1,50000000,1430,25.744,30508,0,0% 1% 1% 100%,25.709
nbody,java,3,50000000,1430,22.544,28212,0,100% 7% 1% 1%,22.527
nbody,fsharp,1,50000000,1259,26.404,49308,0,100% 1% 1% 0%,26.416
nbody,swift,5,50000000,1253,23.652,4388,0,100% 1% 1% 0%,23.659
nbody,gpp,1,50000000,1659,19.360,1056,0,1% 100% 0% 0%,19.367
nbody,vw,1,50000000,1652,194.040,53820,0,100% 0% 1% 1%,194.100
nbody,ghc,1,50000000,1706,28.520,7924,0,3% 96% 6% 3%,26.616
nbody,swift,4,50000000,1135,41.476,4412,0,0% 100% 1% 0%,41.488
nbody,gpp,4,50000000,1428,20.192,684,0,0% 0% 1% 100%,20.198
nbody,gnat,1,50000000,1608,26.064,2112,0,0% 0% 0% 100%,26.074
nbody,ifc,5,50000000,1659,9.783,516,0,1% 0% 1% 100%,9.787
nbody,csharpcore,1,50000000,1403,23.356,37436,0,1% 100% 1% 0%,23.365
nbody,sbcl,1,50000000,1363,42.144,18584,0,0% 1% 1% 100%,42.158
nbody,ifc,4,50000000,1172,21.905,512,0,1% 0% 0% 100%,21.911
nbody,gpp,8,50000000,1544,9.364,1152,0,1% 0% 100% 1%,9.368
nbody,clojure,1,50000000,2162,27.516,80540,0,2% 2% 97% 4%,26.355
nbody,gcc,4,50000000,1490,9.556,1000,0,1% 100% 1% 1%,9.561
nbody,lua,1,50000000,1201,524.444,2228,0,1% 0% 0% 100%,524.566
nbody,gpp,6,50000000,1668,19.188,1096,0,100% 1% 0% 0%,19.197
nbody,gnat,5,50000000,2436,17.996,2028,0,0% 0% 100% 1%,18.003
nbody,perl,2,50000000,1401,758.744,5052,0,1% 1% 100% 1%,758.937
nbody,typescript,2,50000000,1453,407.180,57312,0,22% 31% 48% 1%,407.852
nbody,fpascal,3,50000000,1418,24.916,8,0,100% 0% 1% 1%,24.925
nbody,sbcl,2,50000000,1398,27.248,18584,0,1% 100% 0% 1%,27.259
nbody,fpascal,2,50000000,1322,22.744,8,0,100% 0% 0% 1%,22.752
nbody,csharpllvm,4,50000000,1461,30.884,40688,0,1% 1% 1% 100%,30.896
nbody,php,3,50000000,1082,432.360,7928,0,0% 100% 0% 1%,432.476
nbody,gpp,5,50000000,1749,11.752,1728,0,1% 100% 1% 0%,11.757
nbody,gcc,3,50000000,1208,20.964,952,0,1% 1% 1% 100%,20.972
nbody,yarv,2,50000000,1137,694.040,9144,0,0% 1% 100% 0%,694.213
nbody,swift,1,50000000,1141,41.460,4332,0,1% 0% 0% 100%,41.474
nbody,csharpllvm,1,50000000,1403,38.056,40820,0,1% 1% 0% 100%,38.069
nbody,csharpllvm,7,50000000,1539,28.212,40756,0,0% 100% 1% 1%,28.222
nbody,racket,2,50000000,1689,53.256,21476,0,100% 1% 1% 1%,53.264
nbody,racket,1,50000000,1496,123.076,21588,0,1% 100% 0% 1%,123.113
nbody,lua,2,50000000,1193,483.096,2140,0,0% 1% 100% 0%,483.213
nbody,csharpcore,8,50000000,1343,21.972,39180,0,1% 1% 100% 1%,21.979
nbody,node,2,50000000,1537,33.936,26476,0,100% 1% 0% 0%,33.946
nbody,gpp,7,50000000,1545,9.644,940,0,100% 1% 1% 1%,9.650
nbody,typescript,3,50000000,1348,29.684,26160,0,1% 100% 0% 0%,29.694
nbody,gcc,2,50000000,1263,22.372,1028,0,1% 0% 1% 100%,22.379
nbody,csharpcore,7,50000000,1539,0.000,836,-2,95% 8% 0% 0%,0.377
nbody,gnat,3,50000000,1740,25.580,2112,0,1% 0% 100% 1%,25.592
nbody,python3,1,50000000,1181,923.488,8040,0,44% 13% 0% 44%,923.743
nbody,ghc,2,50000000,1874,25.548,7856,0,2% 100% 1% 2%,24.482
nbody,hack,1,50000000,1288,630.008,110776,0,1% 100% 0% 1%,630.185
nbody,csharpcore,4,50000000,1461,0.000,852,-2,5% 3% 68% 32%,0.383
nbody,csharpcore,2,50000000,1410,22.012,37320,0,1% 0% 1% 100%,22.021
pidigits,clojure,3,10000,482,24.440,409700,0,28% 36% 26% 38%,19.481
pidigits,fsharpcore,1,10000,513,45.836,111948,0,38% 31% 8% 34%,41.910
pidigits,erlang,1,10000,559,16.908,36532,0,1% 6% 95% 1%,16.807
pidigits,yarv,2,10000,653,0.000,0,-2,100% 0% 0% 11%,0.083
pidigits,lua,1,10000,522,3.028,2888,0,2% 2% 100% 1%,3.031
pidigits,node,2,10000,464,15.500,1809292,0,39% 1% 1% 61%,15.512
pidigits,ocaml,2,10000,510,0.000,0,-11,%,0.000
pidigits,sbcl,1,10000,1073,2.360,20400,0,1% 1% 0% 100%,2.365
pidigits,vw,4,10000,652,11.752,54064,0,0% 100% 1% 1%,11.764
pidigits,java,1,10000,800,17.912,380932,0,39% 21% 33% 15%,17.075
pidigits,perl,2,10000,385,3.916,6784,0,1% 0% 33% 68%,3.924
pidigits,hipe,2,10000,512,18.668,38356,0,3% 36% 4% 76%,16.001
pidigits,clojure,4,10000,1794,8.016,409644,0,16% 37% 26% 71%,5.428
pidigits,jruby,1,10000,518,27.316,681636,0,69% 32% 23% 11%,20.406
pidigits,csharpcore,2,10000,856,0.000,852,-2,5% 66% 18% 18%,0.385
pidigits,gnat,1,10000,1143,10.928,4440,0,0% 100% 1% 0%,10.935
pidigits,java,2,10000,938,3.200,33364,0,99% 2% 2% 2%,3.106
pidigits,fsharp,3,10000,903,11.188,40328,0,100% 1% 1% 0%,11.194
pidigits,racket,2,10000,1122,2.184,23252,0,100% 0% 0% 1%,2.186
pidigits,php,5,10000,394,2.180,8852,0,100% 1% 0% 2%,2.186
pidigits,php,4,10000,384,2.196,8764,0,1% 1% 0% 100%,2.201
pidigits,yarv,5,10000,478,3.140,482924,0,1% 1% 2% 100%,3.153
pidigits,yarv,1,10000,518,29.900,163580,0,1% 100% 0% 1%,29.959
pidigits,chapel,1,10000,501,1.604,22252,0,100% 0% 0% 1%,1.605
pidigits,fpascal,3,10000,482,1.724,2300,0,2% 0% 1% 100%,1.728
pidigits,lua,5,10000,479,1.940,3156,0,1% 100% 1% 1%,1.942
pidigits,ocaml,1,10000,560,0.000,0,-11,%,0.000
pidigits,gnat,2,10000,1065,1.728,3716,0,2% 1% 100% 1%,1.733
pidigits,fpascal,2,10000,785,10.984,2052,0,0% 100% 1% 0%,10.989
pidigits,php,1,10000,736,522.716,10184,0,1% 85% 15% 1%,522.887
pidigits,rust,1,10000,1420,1.740,8092,0,1% 99% 1% 1%,1.744
pidigits,clojure,2,10000,571,21.876,404164,0,28% 30% 40% 25%,18.463
pidigits,ocaml,4,10000,1481,0.000,0,-11,%,0.000
pidigits,gcc,1,10000,448,1.728,1992,0,1% 100% 1% 0%,1.732
pidigits,scala,4,10000,1065,0.000,0,-2,28% 44% 18% 22%,0.179
pidigits,racket,1,10000,453,20.336,121860,0,1% 100% 0% 1%,20.365
pidigits,fsharpcore,3,10000,903,3.048,40048,0,100% 0% 1% 2%,3.055
pidigits,ghc,4,10000,311,0.000,0,-11,%,0.000
pidigits,erlang,2,10000,512,18.924,37528,0,9% 1% 100% 10%,16.251
pidigits,perl,4,10000,261,3.524,6836,0,0% 0% 1% 100%,3.531
pidigits,jruby,5,10000,478,0.000,176024,-2,89% 52% 66% 60%,2.788
pidigits,ifc,3,10000,957,0.000,0,-11,%,0.000
pidigits,go,2,10000,729,3.036,8332,0,38% 1% 60% 3%,3.040
pidigits,fsharp,2,10000,689,25.256,76160,0,1% 49% 1% 51%,25.113
pidigits,fpascal,1,10000,3042,25.248,652,0,100% 1% 0% 0%,25.259
,#pidigits,1,10000,528,0.000,0,-11,%,0.000
pidigits,go,1,10000,704,3.056,15160,0,71% 20% 4% 24%,3.052
pidigits,scala,3,10000,412,0.000,0,-2,45% 36% 42% 0%,0.106
pidigits,fsharpcore,2,10000,689,28.460,98624,0,25% 33% 12% 41%,26.077
pidigits,ifc,1,10000,1768,0.000,1320,-2,0% 2% 100% 2%,0.600
pidigits,swift,1,10000,1017,5.012,7352,0,1% 0% 100% 1%,5.018
pidigits,csharpcore,3,10000,1026,3.024,38592,0,1% 1% 99% 2%,3.031
pidigits,sbcl,2,10000,645,21.172,238112,0,100% 1% 1% 0%,21.216
pidigits,perl,1,10000,452,15.864,9032,0,1% 100% 1% 1%,15.874
pidigits,php,2,10000,537,3.352,9304,0,1% 0% 100% 2%,3.357
pidigits,gpp,3,10000,682,2.288,4028,0,2% 5% 1% 100%,2.293
pidigits,csharpllvm,2,10000,856,33.976,67256,0,1% 17% 1% 84%,33.788
pidigits,hack,1,10000,735,469.780,119912,0,1% 100% 0% 1%,469.986
pidigits,csharpllvm,3,10000,1026,11.212,39092,0,1% 100% 1% 0%,11.219
pidigits,ocaml,3,10000,869,0.000,0,-11,%,0.000
pidigits,hipe,1,10000,559,17.908,37220,0,1% 1% 1% 99%,17.809
pidigits,fsharp,1,10000,513,40.260,77712,0,9% 1% 52% 41%,40.003
regexdna,hack,3,5000000,456,5.372,272796,0,1% 0% 99% 2%,5.390
regexdna,yarv,8,5000000,529,27.108,108284,0,71% 63% 91% 67%,9.347
regexdna,hack,1,5000000,787,3.436,279276,0,20% 68% 49% 26%,3.542
regexdna,csharpllvm,2,5000000,594,80.920,542148,0,81% 63% 65% 82%,27.818
regexdna,lua,1,5000000,437,42.784,440960,0,100% 0% 1% 0%,42.811
regexdna,jruby,6,5000000,442,50.792,943220,0,30% 33% 7% 48%,44.148
regexdna,php,2,5000000,449,5.144,174836,0,0% 1% 0% 100%,5.151
regexdna,gnat,6,5000000,3740,23.736,94604,0,69% 66% 97% 71%,7.862
regexdna,node,2,5000000,445,2.592,432660,0,100% 0% 1% 2%,2.590
regexdna,perl,4,5000000,440,35.716,143300,0,1% 1% 0% 100%,35.728
regexdna,scala,1,5000000,611,33.652,872224,0,87% 6% 9% 12%,29.520
regexdna,ocaml,1,5000000,1261,18.648,599024,0,86% 28% 28% 42%,10.262
regexdna,hack,4,5000000,832,6.000,214444,0,58% 68% 66% 45%,2.559
regexdna,python3,5,5000000,424,24.016,315036,0,1% 1% 0% 100%,24.029
regexdna,fsharp,1,5000000,639,85.040,781120,0,74% 78% 89% 76%,26.895
regexdna,lua,2,5000000,596,31.024,378752,0,1% 1% 0% 100%,31.038
regexdna,csharpllvm,1,5000000,624,82.716,568544,0,100% 0% 1% 0%,82.740
regexdna,fsharpcore,1,5000000,639,91.776,1584888,0,90% 87% 77% 81%,27.523
regexdna,gnat,5,5000000,3492,16.808,175780,0,70% 75% 70% 98%,5.407
regexdna,ghc,2,5000000,1518,41.008,264404,0,94% 96% 97% 92%,10.839
regexdna,jruby,8,5000000,529,0.000,166972,-2,59% 71% 61% 74%,2.718
regexdna,gcc,4,5000000,1525,23.528,93828,0,100% 68% 67% 67%,7.815
regexdna,jruby,1,5000000,308,71.300,1994892,0,97% 9% 8% 9%,59.315
regexdna,csharpllvm,7,5000000,898,83.488,476008,0,77% 80% 80% 80%,26.485
regexdna,yarv,6,5000000,442,22.416,159040,0,0% 1% 100% 0%,22.426
regexdna,scala,2,5000000,668,24.848,676292,0,82% 78% 58% 61%,8.956
regexdna,go,1,5000000,733,101.612,528880,0,92% 72% 73% 79%,32.314
regexdna,vw,1,5000000,584,653.904,377180,0,100% 1% 1% 1%,654.159
regexdna,racket,1,5000000,527,38.644,729724,0,1% 100% 1% 1%,38.648
regexdna,java,6,5000000,740,23.252,633292,0,5% 3% 96% 3%,22.209
regexdna,php,1,5000000,788,3.072,170648,0,59% 18% 43% 47%,3.149
regexdna,fsharp,4,5000000,899,85.424,963564,0,66% 92% 60% 57%,31.316
regexdna,java,2,5000000,1534,40.136,788172,0,81% 81% 74% 84%,12.594
regexdna,ocaml,4,5000000,1050,1.256,265940,0,88% 99% 87% 87%,10.540
regexdna,yarv,7,5000000,507,30.196,217024,0,84% 64% 61% 77%,10.622
regexdna,lua,3,5000000,669,0.000,0,-2,%,0.000
regexdna,scala,5,5000000,1704,27.868,466024,0,85% 84% 92% 88%,7.982
regexdna,csharpllvm,6,5000000,638,82.064,539564,0,79% 81% 65% 65%,28.381
regexdna,fsharp,2,5000000,413,83.216,749400,0,1% 100% 1% 1%,83.240
regexdna,java,4,5000000,921,23.852,713860,0,3% 99% 2% 3%,22.566
regexdna,fsharpcore,3,5000000,821,92.716,2372400,0,74% 73% 84% 65%,31.518
regexdna,sbcl,1,5000000,591,0.000,1510356,-10,0% 3% 1% 1%,1077.195
regexdna,yarv,5,5000000,343,26.940,108392,0,0% 1% 0% 100%,26.950
regexdna,gcc,2,5000000,1099,30.204,127640,0,1% 0% 1% 100%,30.215
regexdna,csharpcore,6,5000000,638,86.792,748696,0,70% 85% 80% 68%,28.721
regexdna,fsharpcore,4,5000000,899,91.700,1800492,0,66% 82% 69% 92%,29.783
regexdna,dart,2,5000000,648,30.628,350152,0,26% 8% 70% 7%,27.913
regexdna,gpp,1,5000000,648,6.436,230112,0,1% 100% 0% 1%,6.445
regexdna,hipe,6,5000000,1058,34.480,301220,0,93% 82% 95% 79%,9.891
regexdna,clojure,3,5000000,710,0.000,580852,-2,12% 25% 14% 15%,75.700
regexdna,yarv,3,5000000,501,29.632,343864,0,65% 82% 82% 68%,10.041
regexdna,csharpllvm,3,5000000,809,81.332,482200,0,77% 84% 80% 85%,25.019
regexdna,jruby,3,5000000,501,59.380,2088468,0,84% 67% 67% 69%,20.835
regexdna,fsharp,3,5000000,821,84.600,1973520,0,59% 63% 61% 93%,30.856
regexdna,hack,2,5000000,446,5.372,270640,0,2% 96% 4% 1%,5.391
regexdna,perl,2,5000000,527,26.692,142584,0,78% 73% 58% 75%,9.472
regexdna,jruby,5,5000000,343,49.904,794192,0,5% 12% 6% 94%,43.759
regexdna,java,7,5000000,1085,12.160,667820,0,60% 66% 56% 87%,4.556
regexdna,sbcl,3,5000000,1948,44.520,585828,0,89% 39% 42% 42%,21.188
regexdna,yarv,2,5000000,417,26.920,360372,0,16% 39% 38% 9%,26.934
regexdna,csharpcore,2,5000000,594,86.960,722736,0,72% 79% 71% 89%,28.024
regexdna,go,9,5000000,1229,8.288,369380,0,43% 53% 61% 82%,3.888
regexdna,python3,1,5000000,478,23.440,266312,0,49% 39% 68% 68%,10.576
regexdna,fsharpcore,2,5000000,413,91.308,1708128,0,1% 0% 100% 1%,90.930
regexdna,gcc,1,5000000,2579,5.684,339000,0,46% 70% 51% 72%,2.431
regexdna,csharpcore,1,5000000,624,90.968,1524744,0,6% 3% 1% 91%,90.568
regexdna,java,5,5000000,929,24.564,753008,0,71% 78% 81% 70%,8.226
regexdna,jruby,7,5000000,507,54.616,990328,0,76% 82% 68% 77%,18.090
regexdna,gpp,2,5000000,695,6.500,242200,0,0% 77% 1% 91%,3.893
regexdna,scala,4,5000000,723,24.316,646308,0,84% 69% 74% 58%,8.595
regexdna,gpp,4,5000000,1759,13.036,102664,0,91% 64% 91% 49%,4.432
regexdna,yarv,1,5000000,308,35.900,328188,0,1% 100% 0% 1%,35.921
regexdna,chapel,1,5000000,468,19.564,1110948,0,100% 13% 14% 71%,10.015
regexdna,go,2,5000000,789,49.300,627680,0,64% 64% 65% 99%,17.025
regexdna,scala,3,5000000,633,24.364,661456,0,82% 63% 76% 65%,8.567
regexdna,csharpcore,7,5000000,898,88.412,939544,0,91% 97% 77% 76%,25.992
regexdna,csharpcore,3,5000000,809,85.100,880392,0,86% 94% 92% 94%,23.262
regexdna,erlang,6,5000000,1058,34.508,275988,0,77% 76% 83% 99%,10.321
regexdna,jruby,2,5000000,417,61.672,2168736,0,62% 78% 75% 73%,21.514
regexdna,rust,2,5000000,669,5.432,225020,0,43% 40% 100% 40%,2.484
regexdna,ocaml,2,5000000,615,18.804,599116,0,100% 1% 1% 1%,18.821
regexdna,gpp,3,5000000,844,24.408,241696,0,49% 100% 1% 0%,16.409
regexdna,ocaml,3,5000000,892,19.192,599004,0,28% 85% 29% 40%,10.665
regexdna,php,3,5000000,459,5.144,172688,0,1% 1% 1% 100%,5.151
regexdna,php,4,5000000,832,5.092,106284,0,62% 78% 49% 42%,2.228
regexdna,clojure,4,5000000,707,28.584,600836,0,96% 79% 77% 75%,8.765
revcomp,java,7,25000000,1640,2.692,281256,0,12% 75% 50% 7%,7.252
revcomp,hack,1,25000000,294,0.000,1408,-10,0% 5% 90% 3%,0.397
revcomp,ocaml,1,25000000,1064,0.000,66804,0,39% 51% 13% 57%,1.447
revcomp,lua,3,25000000,593,0.000,0,-2,0% 0% 100% 0%,0.055
revcomp,java,6,25000000,745,1.680,526204,0,4% 79% 1% 41%,1.381
revcomp,perl,3,25000000,284,2.668,378924,0,100% 0% 1% 0%,2.674
revcomp,yarv,2,25000000,255,7.736,133736,0,0% 0% 100% 1%,7.750
revcomp,hack,2,25000000,261,0.000,1428,-10,0% 10% 89% 10%,0.385
revcomp,erlang,1,25000000,1302,21.312,902492,0,65% 65% 47% 53%,9.358
revcomp,racket,2,25000000,1026,4.220,179400,0,2% 0% 100% 1%,4.231
revcomp,python3,6,25000000,800,4.560,266972,0,20% 99% 2% 29%,3.107
revcomp,clojure,1,25000000,1044,4.176,397508,0,23% 77% 31% 11%,3.046
revcomp,go,5,25000000,926,1.776,358804,0,11% 34% 42% 53%,1.298
revcomp,php,2,25000000,262,4.488,441272,0,0% 100% 1% 1%,4.498
revcomp,yarv,1,25000000,536,9.656,686764,0,77% 30% 28% 52%,5.236
revcomp,scala,6,25000000,519,0.000,1074420,-2,68% 27% 24% 32%,44.815
revcomp,ghc,2,25000000,919,2.888,874008,0,99% 4% 6% 6%,2.555
revcomp,yarv,3,25000000,509,6.504,572420,0,28% 89% 63% 18%,3.329
revcomp,csharpcore,3,25000000,863,7.104,637912,0,36% 19% 17% 68%,5.177
revcomp,scala,7,25000000,949,4.880,831632,0,34% 50% 38% 91%,2.321
revcomp,ifc,2,25000000,772,6.425,155376,0,1% 89% 1% 11%,6.431
revcomp,gnat,1,25000000,885,2.664,127544,0,0% 2% 100% 0%,2.670
revcomp,ghc,3,25000000,999,1.592,131184,0,6% 6% 99% 2%,1.426
revcomp,rust,1,25000000,1807,1.180,263628,0,1% 12% 19% 100%,0.925
revcomp,go,6,25000000,1278,0.844,88320,0,30% 28% 98% 34%,0.491
revcomp,go,4,25000000,874,0.000,0,-10,50% 0% 33% 67%,0.023
revcomp,lua,1,25000000,555,0.000,0,-2,%,0.000
revcomp,csharpllvm,4,25000000,1708,1.936,378376,0,31% 18% 67% 1%,1.702
revcomp,go,3,25000000,543,0.940,165392,0,10% 0% 4% 89%,0.924
revcomp,erlang,4,25000000,1167,52.352,609092,0,11% 21% 58% 42%,40.532
revcomp,chapel,1,25000000,643,2.200,280252,0,99% 16% 9% 11%,1.673
revcomp,sbcl,1,25000000,896,2.248,512700,0,0% 1% 100% 0%,2.257
revcomp,hipe,1,25000000,1302,27.016,855552,0,59% 63% 79% 50%,10.860
revcomp,csharpllvm,3,25000000,863,5.220,263680,0,1% 99% 6% 1%,5.006
revcomp,vw,1,25000000,754,31.020,331812,0,0% 1% 100% 1%,31.035
revcomp,typescript,1,25000000,1131,4.004,254900,0,49% 54% 3% 4%,3.732
revcomp,scala,8,25000000,761,1.804,477268,0,39% 4% 90% 4%,1.356
revcomp,csharpllvm,1,25000000,1099,1.568,197008,0,1% 1% 99% 2%,1.569
revcomp,gcc,1,25000000,1867,0.904,330908,0,43% 14% 84% 27%,0.558
revcomp,gpp,2,25000000,1082,0.984,248244,0,1% 8% 0% 100%,0.990
revcomp,ocaml,3,25000000,1314,0.000,34056,0,53% 51% 60% 57%,0.748
revcomp,ifc,1,25000000,1013,1.009,248636,0,2% 2% 99% 3%,1.012
revcomp,csharpcore,2,25000000,1670,2.192,748864,0,28% 34% 64% 36%,1.383
revcomp,dart,3,25000000,551,27.316,1731448,0,15% 9% 44% 45%,24.593
revcomp,php,1,25000000,297,4.008,336164,0,2% 0% 100% 0%,4.017
revcomp,erlang,3,25000000,624,70.040,1230964,0,52% 30% 23% 0%,68.346
revcomp,csharpllvm,2,25000000,1670,2.456,625444,0,11% 53% 71% 20%,1.632
revcomp,clojure,4,25000000,997,5.464,408212,0,28% 39% 57% 13%,4.106
revcomp,gcc,5,25000000,638,0.696,249652,0,0% 100% 0% 1%,0.700
revcomp,gcc,4,25000000,704,1.092,101228,0,1% 100% 0% 1%,1.095
revcomp,gcc,2,25000000,741,0.768,251672,0,48% 81% 15% 19%,0.529
revcomp,racket,1,25000000,547,12.596,471500,0,100% 1% 1% 0%,12.601
revcomp,scala,4,25000000,501,2.276,376408,0,4% 100% 1% 3%,2.178
revcomp,ocaml,2,25000000,394,4.564,210548,0,100% 2% 4% 0%,4.573
revcomp,fpascal,2,25000000,751,1.988,124536,0,1% 1% 100% 1%,1.994
revcomp,jruby,2,25000000,255,24.016,1490472,0,36% 53% 27% 39%,15.706
revcomp,node,2,25000000,1202,9.756,255128,0,100% 3% 2% 1%,9.467
revcomp,csharpcore,1,25000000,1099,1.848,297144,0,2% 97% 2% 1%,1.850
revcomp,hipe,3,25000000,624,62.148,1396036,0,12% 54% 39% 4%,58.943
revcomp,gpp,4,25000000,2275,0.836,217564,0,26% 78% 12% 34%,0.593
revcomp,dart,2,25000000,555,33.064,1723864,0,16% 57% 13% 25%,30.246
revcomp,scala,5,25000000,329,0.000,862404,-2,71% 8% 34% 12%,62.355
revcomp,jruby,1,25000000,536,32.876,2310096,0,78% 73% 70% 68%,11.499
revcomp,gcc,6,25000000,812,0.572,145900,0,0% 26% 20% 100%,0.415
revcomp,hipe,4,25000000,1167,62.832,516388,0,56% 52% 15% 10%,47.866
revcomp,jruby,3,25000000,509,23.964,2361496,0,84% 64% 63% 65%,8.718
revcomp,gpp,1,25000000,571,2.544,247792,0,0% 0% 2% 100%,2.549
revcomp,python3,4,25000000,325,5.700,1013040,0,1% 1% 100% 0%,5.710
revcomp,java,4,25000000,592,2.392,368760,0,4% 100% 1% 5%,2.280
revcomp,java,3,25000000,1661,2.424,345940,0,41% 43% 57% 72%,1.165
revcomp,csharpcore,4,25000000,1708,2.208,525376,0,87% 21% 15% 19%,1.599
revcomp,ocaml,4,25000000,2064,1.496,138672,0,1% 9% 1% 100%,1.503
revcomp,node,7,25000000,1088,3.968,254912,0,99% 5% 2% 4%,3.677
revcomp,clojure,5,25000000,727,4.048,579024,0,55% 20% 58% 23%,2.653
revcomp,go,1,25000000,1243,1.020,259120,0,16% 1% 30% 73%,0.883
revcomp,java,5,25000000,1098,1.856,294596,0,6% 0% 98% 6%,1.728
revcomp,gnat,2,25000000,3220,0.912,200964,0,63% 36% 22% 3%,0.776
revcomp,gpp,5,25000000,646,18.732,130120,0,1% 1% 1% 100%,18.741
revcomp,gpp,3,25000000,810,1.144,127108,0,2% 2% 99% 2%,1.149
revcomp,go,2,25000000,546,0.936,165760,0,1% 7% 88% 10%,0.914
spectralnorm,go,2,5500,668,17.316,1372,0,98% 98% 98% 99%,4.418
spectralnorm,fsharp,3,5500,720,18.656,48560,0,84% 89% 80% 84%,5.561
spectralnorm,rust,2,5500,1107,15.456,14284,0,99% 99% 99% 99%,3.989
spectralnorm,vw,2,5500,438,90.972,53788,0,1% 1% 0% 100%,90.999
spectralnorm,csharpcore,2,5500,1063,0.000,820,-2,0% 68% 28% 5%,0.378
spectralnorm,java,1,5500,514,16.908,38076,0,0% 1% 1% 100%,16.837
spectralnorm,php,3,5500,1193,238.252,17048,0,99% 99% 99% 99%,60.153
spectralnorm,php,2,5500,397,237.680,7900,0,1% 99% 1% 1%,237.747
spectralnorm,yarv,5,5500,835,516.916,54680,0,97% 97% 96% 96%,134.209
spectralnorm,ifc,1,5500,568,7.905,3716,0,99% 100% 100% 99%,1.985
spectralnorm,csharpllvm,3,5500,878,22.140,43656,0,90% 91% 90% 91%,6.135
spectralnorm,gnat,3,5500,1702,15.728,4172,0,99% 99% 99% 99%,3.986
spectralnorm,csharpcore,3,5500,878,15.808,44796,0,97% 99% 98% 98%,4.051
spectralnorm,gnat,4,5500,2762,7.876,4248,0,98% 99% 98% 99%,2.011
spectralnorm,hack,2,5500,398,119.116,113380,0,1% 1% 1% 100%,119.159
spectralnorm,perl,3,5500,846,804.428,17972,0,99% 99% 99% 99%,202.932
spectralnorm,swift,2,5500,633,15.692,6192,0,0% 90% 11% 1%,15.701
spectralnorm,dart,5,5500,486,16.008,31540,0,99% 1% 1% 1%,15.886
spectralnorm,sbcl,3,5500,883,15.700,29932,0,98% 97% 98% 98%,4.077
spectralnorm,csharpcore,1,5500,459,15.796,34936,0,1% 100% 0% 1%,15.803
spectralnorm,node,1,5500,351,15.772,28140,0,1% 0% 100% 1%,15.779
spectralnorm,perl,4,5500,551,156.092,10800,0,98% 94% 94% 94%,41.104
spectralnorm,swift,3,5500,601,15.800,26824,0,100% 99% 100% 99%,3.978
spectralnorm,gcc,1,5500,383,15.684,1092,0,0% 100% 1% 0%,15.693
spectralnorm,ifc,2,5500,513,7.847,776,0,0% 1% 100% 0%,7.851
spectralnorm,fsharpcore,3,5500,721,17.456,45228,0,96% 96% 96% 99%,4.523
spectralnorm,gpp,1,5500,452,15.916,1728,0,1% 100% 1% 1%,15.922
spectralnorm,ifc,3,5500,638,7.901,3392,0,99% 100% 99% 100%,1.984
spectralnorm,python3,6,5500,328,831.324,9224,0,12% 61% 5% 23%,831.570
spectralnorm,typescript,3,5500,394,19.664,25812,0,100% 1% 1% 1%,19.671
spectralnorm,racket,1,5500,446,60.092,19948,0,100% 1% 1% 0%,60.113
spectralnorm,scala,4,5500,1006,0.000,0,-2,13% 6% 87% 0%,0.164
spectralnorm,jruby,1,5500,292,301.192,687448,0,19% 34% 36% 16%,293.050
spectralnorm,gnat,1,5500,710,15.688,2028,0,0% 0% 1% 100%,15.695
spectralnorm,perl,5,5500,340,158.572,6516,0,97% 4% 1% 1%,158.628
spectralnorm,lua,1,5500,329,188.764,2444,0,1% 0% 0% 100%,188.812
spectralnorm,yarv,4,5500,326,384.868,11252,0,0% 7% 0% 93%,384.967
spectralnorm,typescript,2,5500,385,173.460,33528,0,100% 1% 1% 0%,173.558
spectralnorm,jruby,4,5500,326,257.700,687468,0,35% 32% 16% 23%,249.840
spectralnorm,gcc,3,5500,463,15.728,1848,0,100% 100% 100% 100%,3.951
spectralnorm,ocaml,3,5500,907,15.528,4680,0,92% 91% 89% 88%,4.471
spectralnorm,racket,2,5500,532,53.968,21640,0,3% 10% 91% 1%,53.991
spectralnorm,php,1,5500,1135,163.584,17104,0,99% 99% 100% 99%,41.229
spectralnorm,node,3,5500,413,15.768,27248,0,0% 1% 1% 100%,15.776
spectralnorm,perl,2,5500,343,799.340,5888,0,90% 10% 1% 1%,799.598
spectralnorm,go,4,5500,548,15.732,2412,0,99% 99% 100% 99%,3.963
spectralnorm,sbcl,2,5500,906,15.704,29924,0,97% 97% 98% 98%,4.086
spectralnorm,ghc,4,5500,987,15.700,9848,0,97% 97% 99% 95%,4.058
spectralnorm,hipe,1,5500,507,111.420,40912,0,1% 100% 1% 1%,111.407
spectralnorm,ghc,2,5500,403,42.376,10236,0,38% 37% 27% 100%,21.172
spectralnorm,erlang,1,5500,507,191.888,30416,0,0% 1% 1% 100%,191.909
spectralnorm,clojure,6,5500,808,18.652,65624,0,95% 82% 84% 79%,5.509
spectralnorm,scala,3,5500,982,0.000,0,-2,6% 0% 0% 94%,0.164
spectralnorm,scala,5,5500,693,16.560,38900,0,94% 93% 92% 97%,4.414
spectralnorm,gpp,6,5500,1044,7.996,1792,0,100% 100% 100% 100%,2.012
spectralnorm,clojure,8,5500,918,18.380,63380,0,85% 87% 86% 95%,5.231
spectralnorm,gcc,4,5500,1139,7.872,1776,0,99% 99% 100% 99%,1.984
spectralnorm,go,1,5500,411,15.708,2180,0,1% 100% 0% 0%,15.710
spectralnorm,racket,3,5500,627,54.988,30716,0,58% 49% 41% 55%,27.289
spectralnorm,dart,1,5500,457,16.020,31300,0,1% 100% 1% 1%,15.892
spectralnorm,node,5,5500,425,15.768,27356,0,1% 1% 100% 1%,15.776
spectralnorm,erlang,2,5500,747,149.480,28696,0,96% 97% 98% 97%,38.563
spectralnorm,ocaml,2,5500,377,15.688,5056,0,1% 100% 0% 1%,15.693
spectralnorm,jruby,2,5500,776,1082.680,704264,0,98% 98% 98% 98%,279.057
spectralnorm,hack,3,5500,1195,123.480,112276,0,98% 97% 97% 97%,31.766
spectralnorm,fsharpcore,2,5500,853,15.912,43192,0,99% 96% 96% 96%,4.123
spectralnorm,python3,5,5500,437,932.412,58892,0,94% 95% 92% 93%,250.117
spectralnorm,chapel,1,5500,310,15.844,33108,0,100% 99% 99% 99%,4.004
spectralnorm,typescript,1,5500,383,19.408,28060,0,1% 0% 100% 1%,19.417
spectralnorm,clojure,7,5500,762,18.668,68748,0,93% 83% 84% 80%,5.518
spectralnorm,scala,2,5500,720,0.000,0,-2,94% 12% 7% 0%,0.162
spectralnorm,rust,1,5500,1251,16.112,14340,0,99% 99% 99% 99%,4.149
spectralnorm,gcc,5,5500,569,7.860,1800,0,99% 100% 99% 99%,1.986
spectralnorm,perl,1,5500,333,197.424,6548,0,0% 1% 100% 1%,197.486
spectralnorm,csharpllvm,1,5500,459,21.936,37400,0,0% 100% 1% 1%,21.945
spectralnorm,fpascal,1,5500,423,15.972,8,0,0% 1% 100% 0%,15.979
spectralnorm,node,2,5500,368,19.532,27096,0,1% 100% 1% 1%,19.540
spectralnorm,csharpllvm,2,5500,1063,22.072,39364,0,96% 96% 95% 97%,5.770
spectralnorm,gpp,5,5500,1044,7.996,3832,0,100% 100% 100% 100%,2.012
spectralnorm,gpp,8,5500,1278,8.436,1844,0,100% 99% 100% 99%,2.128
spectralnorm,yarv,1,5500,292,369.720,9832,0,0% 3% 97% 0%,369.824
spectralnorm,fsharp,2,5500,852,22.716,45836,0,86% 86% 92% 85%,6.527
spectralnorm,hipe,2,5500,747,70.428,35760,0,98% 98% 98% 98%,18.003
spectralnorm,sbcl,1,5500,625,19.520,22252,0,0% 0% 100% 1%,19.528
spectralnorm,scala,1,5500,404,16.032,33840,0,3% 20% 1% 100%,15.961
spectralnorm,java,2,5500,950,16.408,32244,0,96% 98% 95% 97%,4.259
spectralnorm,swift,1,5500,438,15.704,15640,0,1% 100% 0% 1%,15.710
threadring,chapel,1,50000000,209,301.232,924192,0,100% 1% 1% 100%,150.457
threadring,perl,3,50000000,489,705.512,723872,0,32% 31% 31% 30%,534.167
threadring,hipe,2,50000000,273,44.236,26028,0,0% 1% 1% 100%,44.198
threadring,csharpcore,2,50000000,591,5922.764,55864,0,58% 58% 58% 58%,2562.826
threadring,scala,3,50000000,546,22.108,381068,0,60% 10% 8% 28%,21.190
threadring,gnat,4,50000000,960,275.884,21716,0,23% 34% 34% 23%,214.490
threadring,fsharp,3,50000000,329,20.144,55216,0,100% 1% 1% 0%,20.170
threadring,java,7,50000000,473,348.880,36788,0,39% 20% 20% 39%,269.188
threadring,ghc,1,50000000,306,10.968,9820,0,7% 55% 52% 7%,9.269
threadring,go,6,50000000,420,15.680,2368,0,100% 1% 0% 0%,15.680
threadring,rust,2,50000000,940,310.236,102384,0,58% 59% 59% 59%,125.247
threadring,fsharp,2,50000000,555,1763.932,96896,0,59% 54% 54% 59%,789.139
threadring,gnat,1,50000000,602,652.944,19904,0,41% 42% 41% 41%,381.492
threadring,gnat,6,50000000,1015,231.264,19964,0,100% 100% 100% 100%,58.029
threadring,python3,2,50000000,288,525.612,12468,0,31% 28% 27% 30%,389.494
threadring,clojure,1,50000000,348,82.644,405700,0,31% 23% 22% 31%,78.604
threadring,racket,1,50000000,262,151.812,99200,0,4% 1% 1% 97%,151.896
threadring,hipe,3,50000000,465,44.100,41424,0,6% 0% 95% 1%,44.082
threadring,gpp,5,50000000,652,282.680,11088,0,52% 51% 51% 52%,137.176
threadring,go,5,50000000,405,135.200,2376,0,53% 53% 52% 53%,63.815
threadring,csharpcore,1,50000000,476,583.420,48664,0,35% 34% 34% 35%,406.017
threadring,hipe,1,50000000,273,44.388,26052,0,1% 100% 0% 1%,44.307
threadring,yarv,2,50000000,215,1623.836,31352,0,30% 31% 30% 31%,1233.890
threadring,gnat,3,50000000,727,274.040,19884,0,19% 39% 39% 19%,213.373
threadring,gcc,3,50000000,916,146.456,9476,0,100% 2% 1% 0%,146.512
threadring,erlang,3,50000000,465,41.540,24800,0,1% 100% 1% 1%,41.454
threadring,scala,2,50000000,373,329.112,128304,0,98% 98% 98% 98%,83.934
threadring,fsharpcore,2,50000000,555,764.660,108140,0,82% 81% 81% 82%,240.062
threadring,erlang,2,50000000,273,41.624,25024,0,1% 89% 12% 1%,41.579
threadring,gpp,2,50000000,588,224.184,7376,0,14% 44% 44% 15%,171.180
threadring,gcc,1,50000000,487,224.644,7416,0,41% 17% 16% 41%,171.552
threadring,sbcl,1,50000000,618,324.212,574132,0,23% 42% 42% 23%,233.148
threadring,ocaml,1,50000000,282,596.636,27836,0,33% 29% 29% 33%,453.200
threadring,perl,1,50000000,353,1982.040,324564,0,26% 26% 46% 46%,1337.958
threadring,jruby,2,50000000,228,0.000,964880,-1,49% 58% 42% 44%,3607.543
threadring,ocaml,2,50000000,350,262.684,14420,0,30% 29% 29% 29%,199.448
threadring,vw,2,50000000,566,41.056,55952,0,1% 1% 1% 100%,41.099
threadring,csharpllvm,2,50000000,591,4569.640,54612,0,58% 58% 58% 58%,2148.696
threadring,jruby,1,50000000,342,468.872,816600,0,27% 33% 33% 27%,361.028
threadring,gcc,2,50000000,575,228.952,5392,0,9% 51% 51% 9%,174.588
threadring,csharpllvm,1,50000000,476,996.012,54484,0,41% 41% 57% 55%,504.630
threadring,gcc,4,50000000,761,229.760,9532,0,16% 43% 43% 15%,174.526
threadring,ocaml,3,50000000,296,256.808,26976,0,20% 39% 39% 20%,193.990
threadring,fsharpcore,3,50000000,329,19.052,81436,0,46% 21% 33% 9%,18.069
threadring,gnat,2,50000000,560,383.280,19880,0,34% 32% 32% 34%,266.442
threadring,yarv,1,50000000,331,537.036,21912,0,32% 28% 28% 32%,401.342
threadring,scala,1,50000000,296,605.096,305052,0,98% 98% 98% 98%,155.068
threadring,java,3,50000000,530,362.920,387316,0,34% 25% 25% 34%,280.066
threadring,fpascal,1,50000000,523,0.000,0,-11,%,0.000
threadring,sbcl,2,50000000,571,417.072,535880,0,33% 33% 33% 33%,295.246
threadring,clojure,2,50000000,299,80.476,410804,0,25% 28% 29% 25%,76.772
threadring,gpp,1,50000000,636,263.572,7032,0,32% 32% 32% 32%,183.754
threadring,erlang,1,50000000,273,41.844,25232,0,0% 1% 1% 100%,41.748
threadring,rust,1,50000000,473,380.376,90048,0,32% 27% 28% 32%,288.514
threadring,gpp,4,50000000,572,283.548,11052,0,51% 53% 53% 50%,137.727
